PRAGMA foreign_keys=OFF;
BEGIN TRANSACTION;
CREATE TABLE IF NOT EXISTS "django_migrations" ("id" integer NOT NULL PRIMARY KEY AUTOINCREMENT, "app" varchar(255) NOT NULL, "name" varchar(255) NOT NULL, "applied" datetime NOT NULL);
INSERT INTO django_migrations VALUES(1,'contenttypes','0001_initial','2021-11-30 23:11:21.013471');
INSERT INTO django_migrations VALUES(2,'auth','0001_initial','2021-11-30 23:11:21.094431');
INSERT INTO django_migrations VALUES(3,'admin','0001_initial','2021-11-30 23:11:21.123244');
INSERT INTO django_migrations VALUES(4,'admin','0002_logentry_remove_auto_add','2021-11-30 23:11:21.199934');
INSERT INTO django_migrations VALUES(5,'admin','0003_logentry_add_action_flag_choices','2021-11-30 23:11:21.237557');
INSERT INTO django_migrations VALUES(6,'contenttypes','0002_remove_content_type_name','2021-11-30 23:11:21.291536');
INSERT INTO django_migrations VALUES(7,'auth','0002_alter_permission_name_max_length','2021-11-30 23:11:21.324130');
INSERT INTO django_migrations VALUES(8,'auth','0003_alter_user_email_max_length','2021-11-30 23:11:21.373195');
INSERT INTO django_migrations VALUES(9,'auth','0004_alter_user_username_opts','2021-11-30 23:11:21.392387');
INSERT INTO django_migrations VALUES(10,'auth','0005_alter_user_last_login_null','2021-11-30 23:11:21.471904');
INSERT INTO django_migrations VALUES(11,'auth','0006_require_contenttypes_0002','2021-11-30 23:11:21.485447');
INSERT INTO django_migrations VALUES(12,'auth','0007_alter_validators_add_error_messages','2021-11-30 23:11:21.710829');
INSERT INTO django_migrations VALUES(13,'auth','0008_alter_user_username_max_length','2021-11-30 23:11:21.776263');
INSERT INTO django_migrations VALUES(14,'auth','0009_alter_user_last_name_max_length','2021-11-30 23:11:21.871493');
INSERT INTO django_migrations VALUES(15,'auth','0010_alter_group_name_max_length','2021-11-30 23:11:21.922704');
INSERT INTO django_migrations VALUES(16,'auth','0011_update_proxy_permissions','2021-11-30 23:11:21.992055');
INSERT INTO django_migrations VALUES(17,'auth','0012_alter_user_first_name_max_length','2021-11-30 23:11:22.075596');
INSERT INTO django_migrations VALUES(18,'rcapp','0001_initial','2021-11-30 23:11:22.179971');
INSERT INTO django_migrations VALUES(19,'sessions','0001_initial','2021-11-30 23:11:22.206385');
INSERT INTO django_migrations VALUES(20,'rcapp','0002_alter_post_user_id','2021-12-01 23:30:29.365618');
CREATE TABLE IF NOT EXISTS "auth_group_permissions" ("id" integer NOT NULL PRIMARY KEY AUTOINCREMENT, "group_id" integer NOT NULL REFERENCES "auth_group" ("id") DEFERRABLE INITIALLY DEFERRED, "permission_id" integer NOT NULL REFERENCES "auth_permission" ("id") DEFERRABLE INITIALLY DEFERRED);
CREATE TABLE IF NOT EXISTS "auth_user_groups" ("id" integer NOT NULL PRIMARY KEY AUTOINCREMENT, "user_id" integer NOT NULL REFERENCES "auth_user" ("id") DEFERRABLE INITIALLY DEFERRED, "group_id" integer NOT NULL REFERENCES "auth_group" ("id") DEFERRABLE INITIALLY DEFERRED);
CREATE TABLE IF NOT EXISTS "auth_user_user_permissions" ("id" integer NOT NULL PRIMARY KEY AUTOINCREMENT, "user_id" integer NOT NULL REFERENCES "auth_user" ("id") DEFERRABLE INITIALLY DEFERRED, "permission_id" integer NOT NULL REFERENCES "auth_permission" ("id") DEFERRABLE INITIALLY DEFERRED);
CREATE TABLE IF NOT EXISTS "django_admin_log" ("id" integer NOT NULL PRIMARY KEY AUTOINCREMENT, "action_time" datetime NOT NULL, "object_id" text NULL, "object_repr" varchar(200) NOT NULL, "change_message" text NOT NULL, "content_type_id" integer NULL REFERENCES "django_content_type" ("id") DEFERRABLE INITIALLY DEFERRED, "user_id" integer NOT NULL REFERENCES "auth_user" ("id") DEFERRABLE INITIALLY DEFERRED, "action_flag" smallint unsigned NOT NULL CHECK ("action_flag" >= 0));
INSERT INTO django_admin_log VALUES(1,'2021-11-30 23:17:06.964670','1','Profile object (1)','[{"added": {}}]',2,1,1);
INSERT INTO django_admin_log VALUES(2,'2021-11-30 23:45:22.000765','1','Tag object (1)','[{"added": {}}]',1,1,1);
INSERT INTO django_admin_log VALUES(3,'2021-11-30 23:45:28.632082','2','Tag object (2)','[{"added": {}}]',1,1,1);
INSERT INTO django_admin_log VALUES(4,'2021-11-30 23:45:50.776519','1','Post object (1)','[{"added": {}}]',3,1,1);
INSERT INTO django_admin_log VALUES(5,'2021-12-03 00:37:31.633728','2','Profile object (2)','[{"added": {}}]',2,1,1);
CREATE TABLE IF NOT EXISTS "django_content_type" ("id" integer NOT NULL PRIMARY KEY AUTOINCREMENT, "app_label" varchar(100) NOT NULL, "model" varchar(100) NOT NULL);
INSERT INTO django_content_type VALUES(1,'rcapp','tag');
INSERT INTO django_content_type VALUES(2,'rcapp','profile');
INSERT INTO django_content_type VALUES(3,'rcapp','post');
INSERT INTO django_content_type VALUES(4,'admin','logentry');
INSERT INTO django_content_type VALUES(5,'auth','permission');
INSERT INTO django_content_type VALUES(6,'auth','group');
INSERT INTO django_content_type VALUES(7,'auth','user');
INSERT INTO django_content_type VALUES(8,'contenttypes','contenttype');
INSERT INTO django_content_type VALUES(9,'sessions','session');
CREATE TABLE IF NOT EXISTS "auth_permission" ("id" integer NOT NULL PRIMARY KEY AUTOINCREMENT, "content_type_id" integer NOT NULL REFERENCES "django_content_type" ("id") DEFERRABLE INITIALLY DEFERRED, "codename" varchar(100) NOT NULL, "name" varchar(255) NOT NULL);
INSERT INTO auth_permission VALUES(1,1,'add_tag','Can add tag');
INSERT INTO auth_permission VALUES(2,1,'change_tag','Can change tag');
INSERT INTO auth_permission VALUES(3,1,'delete_tag','Can delete tag');
INSERT INTO auth_permission VALUES(4,1,'view_tag','Can view tag');
INSERT INTO auth_permission VALUES(5,2,'add_profile','Can add profile');
INSERT INTO auth_permission VALUES(6,2,'change_profile','Can change profile');
INSERT INTO auth_permission VALUES(7,2,'delete_profile','Can delete profile');
INSERT INTO auth_permission VALUES(8,2,'view_profile','Can view profile');
INSERT INTO auth_permission VALUES(9,3,'add_post','Can add post');
INSERT INTO auth_permission VALUES(10,3,'change_post','Can change post');
INSERT INTO auth_permission VALUES(11,3,'delete_post','Can delete post');
INSERT INTO auth_permission VALUES(12,3,'view_post','Can view post');
INSERT INTO auth_permission VALUES(13,4,'add_logentry','Can add log entry');
INSERT INTO auth_permission VALUES(14,4,'change_logentry','Can change log entry');
INSERT INTO auth_permission VALUES(15,4,'delete_logentry','Can delete log entry');
INSERT INTO auth_permission VALUES(16,4,'view_logentry','Can view log entry');
INSERT INTO auth_permission VALUES(17,5,'add_permission','Can add permission');
INSERT INTO auth_permission VALUES(18,5,'change_permission','Can change permission');
INSERT INTO auth_permission VALUES(19,5,'delete_permission','Can delete permission');
INSERT INTO auth_permission VALUES(20,5,'view_permission','Can view permission');
INSERT INTO auth_permission VALUES(21,6,'add_group','Can add group');
INSERT INTO auth_permission VALUES(22,6,'change_group','Can change group');
INSERT INTO auth_permission VALUES(23,6,'delete_group','Can delete group');
INSERT INTO auth_permission VALUES(24,6,'view_group','Can view group');
INSERT INTO auth_permission VALUES(25,7,'add_user','Can add user');
INSERT INTO auth_permission VALUES(26,7,'change_user','Can change user');
INSERT INTO auth_permission VALUES(27,7,'delete_user','Can delete user');
INSERT INTO auth_permission VALUES(28,7,'view_user','Can view user');
INSERT INTO auth_permission VALUES(29,8,'add_contenttype','Can add content type');
INSERT INTO auth_permission VALUES(30,8,'change_contenttype','Can change content type');
INSERT INTO auth_permission VALUES(31,8,'delete_contenttype','Can delete content type');
INSERT INTO auth_permission VALUES(32,8,'view_contenttype','Can view content type');
INSERT INTO auth_permission VALUES(33,9,'add_session','Can add session');
INSERT INTO auth_permission VALUES(34,9,'change_session','Can change session');
INSERT INTO auth_permission VALUES(35,9,'delete_session','Can delete session');
INSERT INTO auth_permission VALUES(36,9,'view_session','Can view session');
CREATE TABLE IF NOT EXISTS "auth_group" ("id" integer NOT NULL PRIMARY KEY AUTOINCREMENT, "name" varchar(150) NOT NULL UNIQUE);
CREATE TABLE IF NOT EXISTS "auth_user" ("id" integer NOT NULL PRIMARY KEY AUTOINCREMENT, "password" varchar(128) NOT NULL, "last_login" datetime NULL, "is_superuser" bool NOT NULL, "username" varchar(150) NOT NULL UNIQUE, "last_name" varchar(150) NOT NULL, "email" varchar(254) NOT NULL, "is_staff" bool NOT NULL, "is_active" bool NOT NULL, "date_joined" datetime NOT NULL, "first_name" varchar(150) NOT NULL);
INSERT INTO auth_user VALUES(1,'pbkdf2_sha256$260000$7QIBjq9dYL2xTIUjaVkemo$2knuF9S8cZpTpKlHLvvkWX9f0kjOmtpCmC7Zt6C8xh0=','2021-12-01 23:31:51.185411',1,'josephbollinger','','',1,1,'2021-11-30 23:13:50.923934','');
INSERT INTO auth_user VALUES(2,'pbkdf2_sha256$260000$IIA770BDHhpIjJhY1aprXU$lBAHEzVOj72NCx5jfZUfA/+QcyKdgwGUxU9PaOUOMJ4=',NULL,1,'brett.buskirk','','',1,1,'2021-12-02 09:36:09.918394','');
INSERT INTO auth_user VALUES(3,'pbkdf2_sha256$260000$fiQdgBxeDNXoEPPVkC5ikj$E+F2aFvE0skzsJfR+HUpsgryK+nTcWNOXll9F0ty9BU=',NULL,1,'kayla.ousley','','',1,1,'2021-12-02 09:37:13.192479','');
INSERT INTO auth_user VALUES(4,'pbkdf2_sha256$260000$NahJTeX5EQjrSycrukKV9K$QuilTjX5CiOs0cWmbTpH4bX29VrwVwQxsOzCx3buTwo=',NULL,1,'rakesh','','',1,1,'2021-12-02 09:39:06.195358','');
INSERT INTO auth_user VALUES(5,'pbkdf2_sha256$260000$0R4qTprYzAsvnUnJWGDL2V$BebMOs30uSK2DvA5wwiQ09OK5yKAiLXlFeklTPwOTeI=',NULL,1,'john.wick','','',1,1,'2021-12-02 09:39:43.848808','');
CREATE TABLE IF NOT EXISTS "rcapp_tag" ("tag_id" integer NOT NULL PRIMARY KEY AUTOINCREMENT, "name" varchar(255) NOT NULL);
INSERT INTO rcapp_tag VALUES(1,'Informational');
INSERT INTO rcapp_tag VALUES(2,'Inspirational');
CREATE TABLE IF NOT EXISTS "rcapp_profile" ("id" integer NOT NULL PRIMARY KEY AUTOINCREMENT, "profile_image" varchar(100) NULL, "bio" text NULL, "user_id" integer NOT NULL UNIQUE REFERENCES "auth_user" ("id") DEFERRABLE INITIALLY DEFERRED);
INSERT INTO rcapp_profile VALUES(1,'profile1.png','I finally got this to work!',1);
INSERT INTO rcapp_profile VALUES(2,'john.jpeg','Don''t mess with my car or my dog.',5);
CREATE TABLE IF NOT EXISTS "rcapp_post_tags" ("id" integer NOT NULL PRIMARY KEY AUTOINCREMENT, "post_id" integer NOT NULL REFERENCES "rcapp_post" ("post_id") DEFERRABLE INITIALLY DEFERRED, "tag_id" integer NOT NULL REFERENCES "rcapp_tag" ("tag_id") DEFERRABLE INITIALLY DEFERRED);
INSERT INTO rcapp_post_tags VALUES(1,1,1);
INSERT INTO rcapp_post_tags VALUES(2,2,1);
INSERT INTO rcapp_post_tags VALUES(3,3,1);
INSERT INTO rcapp_post_tags VALUES(4,3,2);
INSERT INTO rcapp_post_tags VALUES(5,4,1);
CREATE TABLE IF NOT EXISTS "django_session" ("session_key" varchar(40) NOT NULL PRIMARY KEY, "session_data" text NOT NULL, "expire_date" datetime NOT NULL);
INSERT INTO django_session VALUES('wh62ozhzvlnwbf4gedssuywzksvwto8i','.eJxVjMsOwiAURP-FtSG8oS7d-w3kcrmVqoGktCvjvytJF7qcOWfmxSLsW4l7pzUumZ2ZZKffLgE-qA6Q71BvjWOr27okPhR-0M6vLdPzcrh_BwV6-a5noawxBgknDZhUcsqDdyiFoilLEZxAq7QErx2oTDCCTDA7GyigZe8P1hg3hA:1msCKP:1rp10KGfzfu5dL_hkhIakCkXZBRac4xyHsDpfnxUtQg','2021-12-14 23:14:25.952443');
INSERT INTO django_session VALUES('c8hs7c8etaingvm1m55j984fi0tfw5bj','.eJxVjMsOwiAURP-FtSG8oS7d-w3kcrmVqoGktCvjvytJF7qcOWfmxSLsW4l7pzUumZ2ZZKffLgE-qA6Q71BvjWOr27okPhR-0M6vLdPzcrh_BwV6-a5noawxBgknDZhUcsqDdyiFoilLEZxAq7QErx2oTDCCTDA7GyigZe8P1hg3hA:1msZ4p:4t0hqfH1UOyBxUkYgwL-j6yoTmBpWA_KtBTHLNsgh_o','2021-12-15 23:31:51.192082');
CREATE TABLE IF NOT EXISTS "rcapp_post" ("post_id" integer NOT NULL PRIMARY KEY AUTOINCREMENT, "post" text NULL, "date_created" datetime NULL, "user_id_id" integer NOT NULL REFERENCES "auth_user" ("id") DEFERRABLE INITIALLY DEFERRED);
INSERT INTO rcapp_post VALUES(1,'this is a test post','2021-11-30 23:45:50.769248',1);
INSERT INTO rcapp_post VALUES(2,'this is a test.','2021-12-02 00:17:14.263516',1);
INSERT INTO rcapp_post VALUES(3,'this is a second test for tags','2021-12-02 00:25:23.811885',1);
INSERT INTO rcapp_post VALUES(4,'a new post','2021-12-02 09:31:41.868523',1);
DELETE FROM sqlite_sequence;
INSERT INTO sqlite_sequence VALUES('django_migrations',20);
INSERT INTO sqlite_sequence VALUES('django_admin_log',5);
INSERT INTO sqlite_sequence VALUES('django_content_type',9);
INSERT INTO sqlite_sequence VALUES('auth_permission',36);
INSERT INTO sqlite_sequence VALUES('auth_group',0);
INSERT INTO sqlite_sequence VALUES('auth_user',5);
INSERT INTO sqlite_sequence VALUES('rcapp_profile',2);
INSERT INTO sqlite_sequence VALUES('rcapp_tag',2);
INSERT INTO sqlite_sequence VALUES('rcapp_post_tags',5);
INSERT INTO sqlite_sequence VALUES('rcapp_post',4);
CREATE UNIQUE INDEX "auth_group_permissions_group_id_permission_id_0cd325b0_uniq" ON "auth_group_permissions" ("group_id", "permission_id");
CREATE INDEX "auth_group_permissions_group_id_b120cbf9" ON "auth_group_permissions" ("group_id");
CREATE INDEX "auth_group_permissions_permission_id_84c5c92e" ON "auth_group_permissions" ("permission_id");
CREATE UNIQUE INDEX "auth_user_groups_user_id_group_id_94350c0c_uniq" ON "auth_user_groups" ("user_id", "group_id");
CREATE INDEX "auth_user_groups_user_id_6a12ed8b" ON "auth_user_groups" ("user_id");
CREATE INDEX "auth_user_groups_group_id_97559544" ON "auth_user_groups" ("group_id");
CREATE UNIQUE INDEX "auth_user_user_permissions_user_id_permission_id_14a6b632_uniq" ON "auth_user_user_permissions" ("user_id", "permission_id");
CREATE INDEX "auth_user_user_permissions_user_id_a95ead1b" ON "auth_user_user_permissions" ("user_id");
CREATE INDEX "auth_user_user_permissions_permission_id_1fbb5f2c" ON "auth_user_user_permissions" ("permission_id");
CREATE INDEX "django_admin_log_content_type_id_c4bce8eb" ON "django_admin_log" ("content_type_id");
CREATE INDEX "django_admin_log_user_id_c564eba6" ON "django_admin_log" ("user_id");
CREATE UNIQUE INDEX "django_content_type_app_label_model_76bd3d3b_uniq" ON "django_content_type" ("app_label", "model");
CREATE UNIQUE INDEX "auth_permission_content_type_id_codename_01ab375a_uniq" ON "auth_permission" ("content_type_id", "codename");
CREATE INDEX "auth_permission_content_type_id_2f476e4b" ON "auth_permission" ("content_type_id");
CREATE UNIQUE INDEX "rcapp_post_tags_post_id_tag_id_997e5296_uniq" ON "rcapp_post_tags" ("post_id", "tag_id");
CREATE INDEX "rcapp_post_tags_post_id_58044164" ON "rcapp_post_tags" ("post_id");
CREATE INDEX "rcapp_post_tags_tag_id_a03a561c" ON "rcapp_post_tags" ("tag_id");
CREATE INDEX "django_session_expire_date_a5c62663" ON "django_session" ("expire_date");
CREATE INDEX "rcapp_post_user_id_id_69e546e1" ON "rcapp_post" ("user_id_id");
COMMIT;
